-- Generated by TypeScript Script

-- Languages table pre-populated as per schema
INSERT OR IGNORE INTO languages (code, name, is_default) VALUES ('en', 'English', FALSE), ('ja', 'Japanese', TRUE);

-- Inserting Categories
INSERT OR IGNORE INTO categories (id, type) VALUES (1, 'cases');
INSERT OR IGNORE INTO category_translations (category_id, language_code, category_name) VALUES (1, 'ja', 'グローブボックス');
INSERT OR IGNORE INTO categories (id, type) VALUES (2, 'cases');
INSERT OR IGNORE INTO category_translations (category_id, language_code, category_name) VALUES (2, 'ja', '原子力製品');
INSERT OR IGNORE INTO categories (id, type) VALUES (3, 'cases');
INSERT OR IGNORE INTO category_translations (category_id, language_code, category_name) VALUES (3, 'ja', '機械加工');
INSERT OR IGNORE INTO categories (id, type) VALUES (4, 'cases');
INSERT OR IGNORE INTO category_translations (category_id, language_code, category_name) VALUES (4, 'ja', '製缶・溶接');
INSERT OR IGNORE INTO categories (id, type) VALUES (5, 'cases');
INSERT OR IGNORE INTO category_translations (category_id, language_code, category_name) VALUES (5, 'ja', '設計');
INSERT OR IGNORE INTO categories (id, type) VALUES (6, 'cases');
INSERT OR IGNORE INTO category_translations (category_id, language_code, category_name) VALUES (6, 'ja', 'その他');

-- End of Categories

-- Inserting Posts and Post Translations
INSERT OR IGNORE INTO posts (id, type, thumbnail, date) VALUES (13, 'cases', 'https://ysd-k.co.jp/yoshida-cms/wp-content/uploads/2018/11/6fb862c530d943c1fce7733c8e172998-e1548416992274.jpg', '2018/11/5');
INSERT OR IGNORE INTO post_translations (post_id, language_code, title, cardDescription, category) VALUES (13, 'ja', '原子力用グローブボックス②', 'グローブボックス(Glove Box)とは： 放射性物質を始めとした、隔離対象物をステンレス製のボックスに負圧管理して閉じ込め、作業者が容器の外からグローブを介し安全に取り扱える装置です。 精製装置と組み合わせることで、ドライ環境やアルゴン雰囲気へも対応可能となっています。', 'グローブボックス,原子力製品,機械加工,製缶・溶接,設計');
INSERT OR IGNORE INTO post_translations (post_id, language_code, title, cardDescription, category) VALUES (13, 'en', 'Nuclear Glove Box2', 'A glove box is a stainless steel container equipped with gloves. It can seal radioactive materials and other objects by controlling the negative pressure, and...', 'Glove Box,Nuclear Products,Machining,Welding & Fabrication,Design');

INSERT OR IGNORE INTO posts (id, type, thumbnail, date) VALUES (96, 'cases', 'https://ysd-k.co.jp/yoshida-cms/wp-content/uploads/2018/11/9e6c44106c874415729e4efc8e628bfb-e1548417062195.jpg', '2018/11/4');
INSERT OR IGNORE INTO post_translations (post_id, language_code, title, cardDescription, category) VALUES (96, 'ja', '水銀ターゲット容器保管容器', 'J-PARCにある、水銀ターゲットは、加速された陽子を、先端のビーム窓部から入射し、容器内を流動する水銀の原子核を破砕して、中性子ビームを発生させる装置です。弊社では、放射化した水銀ターゲットを保管する容器を製作しています。気密性が求められることから、ヘリウムリークテストを経て出荷されます。 ...', '原子力製品,機械加工,製缶・溶接,設計');
INSERT OR IGNORE INTO post_translations (post_id, language_code, title, cardDescription, category) VALUES (96, 'en', 'Mercury Target Spallation Equipment', 'The mercury target spallation eqipment vessel at the Japan Proton Accelerator Research Complex (J-PARC) generates neutron beam by injecting accelerated pr...', 'Nuclear Products,Machining,Welding & Fabrication,Design');

INSERT OR IGNORE INTO posts (id, type, thumbnail, date) VALUES (209, 'cases', 'https://ysd-k.co.jp/yoshida-cms/wp-content/uploads/2018/11/d486bc13e7a807ce499e4b7b1c3f2bca.jpg', '2018/11/1');
INSERT OR IGNORE INTO post_translations (post_id, language_code, title, cardDescription, category) VALUES (209, 'ja', 'フレコンバッグ線量測定器(Siki)', 'プラント向け10t容量攪拌槽の製造風景です。装置全体では重量30t、高さ9m近くなりました。
弊社の新規に導入した30tクレーンと揚程12ｍの高さが大活躍しました。', '原子力製品,機械加工,製缶・溶接,設計');
INSERT OR IGNORE INTO post_translations (post_id, language_code, title, cardDescription, category) VALUES (209, 'en', 'Flexible container bag dosimeter (Siki)', 'This is a scene from the manufacturing of a 10t capacity agitation tank for a plant. The entire apparatus weighs 30t and is nearly 9m tall. Our newly installed 30t crane with a lifting height of 12m played a major role.', 'Nuclear Power Products,Machining,Can Manufacturing/Welding,Design');

INSERT OR IGNORE INTO posts (id, type, thumbnail, date) VALUES (313, 'cases', 'https://ysd-k.co.jp/yoshida-cms/wp-content/uploads/2018/11/ae46b1f460ee46f789c27b264a6cb421-1-e1589361611693.jpg', '2018/11/2');
INSERT OR IGNORE INTO post_translations (post_id, language_code, title, cardDescription, category) VALUES (313, 'ja', '10t容量攪拌槽', 'プラント向け10t容量攪拌槽の製造風景です。装置全体では重量30t、高さ9m近くなりました。 弊社の新規に導入した30tクレーンと揚程12ｍの高さが大活躍しました。 &nbsp; 攪拌器取り付け光景 [video width="720" height="576" mp4="https://ys...', 'その他,機械加工,製缶・溶接');
INSERT OR IGNORE INTO post_translations (post_id, language_code, title, cardDescription, category) VALUES (313, 'en', '10-ton mixing vessel', 'The manufacturing site''s photos and a video of 10-ton mixing tanks. The total weight of the machinery is 30-ton and height is nearly 9 meters. Yosh...', 'Others,Machining,Welding & Fabrication');

INSERT OR IGNORE INTO posts (id, type, thumbnail, date) VALUES (482, 'cases', 'https://ysd-k.co.jp/yoshida-cms/wp-content/uploads/2019/01/7682be89f43b661ddb3cc01bfb46044a-e1589338908970.jpg', '2019/1/24');
INSERT OR IGNORE INTO post_translations (post_id, language_code, title, cardDescription, category) VALUES (482, 'ja', '原子力用グローブボックス①', 'グローブボックス(Glove Box)とは： 放射性物質を始めとした、隔離対象物をステンレス製のボックスに負圧管理して閉じ込め、作業者が容器の外からグローブを介し安全に取り扱える装置です。 精製装置と組み合わせることで、ドライ環境やアルゴン雰囲気へも対応可能となっています。', 'グローブボックス,原子力製品,機械加工,製缶・溶接,設計');
INSERT OR IGNORE INTO post_translations (post_id, language_code, title, cardDescription, category) VALUES (482, 'en', 'Nuclear Glove Box1', 'A glove box is a stainless steel container equipped with gloves. It can seal radioactive materials and other objects by controlling the negative pr...', 'Glove Box,Nuclear Products,Machining,Welding & Fabrication,Design');

INSERT OR IGNORE INTO posts (id, type, thumbnail, date) VALUES (586, 'cases', 'https://ysd-k.co.jp/yoshida-cms/wp-content/uploads/2019/03/94c61af2399a8df5b5ea9dc83f918bce-2-e1589338191161.jpg', '2019/3/22');
INSERT OR IGNORE INTO post_translations (post_id, language_code, title, cardDescription, category) VALUES (586, 'ja', '放射化試料用グローブボックス', '放射化試料用グローブボックスを設置させて頂きました。 新設の施設であるため、グローブボックスは鏡面仕上げを全面に施しました。', 'グローブボックス,原子力製品');
INSERT OR IGNORE INTO post_translations (post_id, language_code, title, cardDescription, category) VALUES (586, 'en', 'Radioactive material Glove Box', 'The glove box for radioactive samples was installed. As it is a new facility, the glove box has a mirror finish on the entire surface.', 'Glove Box,Nuclear Products');

INSERT OR IGNORE INTO posts (id, type, thumbnail, date) VALUES (881, 'cases', 'https://ysd-k.co.jp/yoshida-cms/wp-content/uploads/2019/11/IMG_20191025_122608.jpg', '2019/11/19');
INSERT OR IGNORE INTO post_translations (post_id, language_code, title, cardDescription, category) VALUES (881, 'ja', '鉛遮へい付きグローブボックス', '鉛遮へい付きグローブボックスを製薬会社様へ納入しました。 高線量のサンプルを扱うため、線量に応じて鉛遮へいの厚みを変え、トングマニピュレータや鉛ガラスの取付、さらに鉛ガラスを介したグローブボックス内部への可視性を改善するための工夫をしました。 また、新規の施設であるため、グローブボックス外面は...', 'グローブボックス,原子力製品,機械加工,製缶・溶接,設計');
INSERT OR IGNORE INTO post_translations (post_id, language_code, title, cardDescription, category) VALUES (881, 'en', 'Lead Shielding Glove Box', 'A glove box with lead shielding was installed at a pharmaceutical company. In order to handle high radiation samples, lead thickness was adjusted a...', 'Glove Box,Nuclear Products,Machining,Welding & Fabrication,Design');

INSERT OR IGNORE INTO posts (id, type, thumbnail, date) VALUES (1037, 'cases', 'https://ysd-k.co.jp/yoshida-cms/wp-content/uploads/2020/04/aba1dd9afd994bc383f5259806be7bb4-4.jpg', '2020/4/28');
INSERT OR IGNORE INTO post_translations (post_id, language_code, title, cardDescription, category) VALUES (1037, 'ja', '放射性物質用グローブボックス', '放射性物質取扱用のグローブボックスを製作しました。 重量物かつ線量の高い試料の出し入れを迅速に行う必要があるため、パスボックスを取り付け、中に移送用のスライドテーブルやホイストクレーンを取り付けました。 また、耐震性を向上するために補強を追加しています。', 'グローブボックス,原子力製品');
INSERT OR IGNORE INTO post_translations (post_id, language_code, title, cardDescription, category) VALUES (1037, 'en', 'Radioactive material Glove Box', 'We made a glove box for radioactive materials. Since it is necessary to quickly put in and take out heavy and high dose objects, it was installed a pass bo...', 'Glove Box,Nuclear Products');

INSERT OR IGNORE INTO posts (id, type, thumbnail, date) VALUES (1105, 'cases', 'https://ysd-k.co.jp/yoshida-cms/wp-content/uploads/2020/12/29d3bc99193cb0b837fb8cc53f050ae5-1-e1607403617961.jpg', '2020/12/8');
INSERT OR IGNORE INTO post_translations (post_id, language_code, title, cardDescription, category) VALUES (1105, 'ja', 'ミュオン分析チェンバー', '小惑星探査機「はやぶさ2」がリュウグウより持ち帰ってくるサンプルを分析するためのチェンバーを製作しました。 リュウグウのサンプルをJ-PARCにて、負ミュオン非破壊元素分析を行うことで、炭素と窒素の濃度測定を行うそうです。 ミュオンビーム照射部は純銅で製作し、グローブボックスは、サンプルの劣化...', '原子力製品');
INSERT OR IGNORE INTO post_translations (post_id, language_code, title, cardDescription, category) VALUES (1105, 'en', 'Muon(μ)analysis chamber', 'We created a chamber for analyzing the samples bring back by the asteroid explorer Hayabusa2 from Ryugu. Carbon and nitrogen concentrations will be...', 'Nuclear Products');

INSERT OR IGNORE INTO posts (id, type, thumbnail, date) VALUES (1282, 'cases', 'https://ysd-k.co.jp/yoshida-cms/wp-content/uploads/2021/07/12_page-00012-4.jpg', '2021/7/6');
INSERT OR IGNORE INTO post_translations (post_id, language_code, title, cardDescription, category) VALUES (1282, 'ja', '飛沫感染防止グローブボックス (コロナウィルスグローブボックス)', '当社のコア技術である放射性物質の隔離技術を応用し、感染症のサンプリングからテスティングまで可能なグローブボックスを製作しました。本グローブボックスの特徴は、2つの使用方法が可能で、1つは作業者がグローブボックス内部に入り、PCRの検体サンプリングなどに使用する方法(GB内_正圧)。もう1つは、...', 'グローブボックス,原子力製品,製缶・溶接');
INSERT OR IGNORE INTO post_translations (post_id, language_code, title, cardDescription, category) VALUES (1282, 'en', 'Infectious Disease Control Glovebox (IDCGB)', 'Infectious Disease Control Glovebox (IDCGB), designed and prototyped by YOSHIDA, aims to prevent secondary transmission of COVID-19 among healthcar...', 'Glove Box,Nuclear Products,Welding & Fabrication');

INSERT OR IGNORE INTO posts (id, type, thumbnail, date) VALUES (1367, 'cases', 'https://ysd-k.co.jp/yoshida-cms/wp-content/uploads/2021/10/9.30.PXL_20210906_071259633-1.jpg', '2021/10/5');
INSERT OR IGNORE INTO post_translations (post_id, language_code, title, cardDescription, category) VALUES (1367, 'ja', '可搬型遮へい体', '福島第一原発向け、可搬型遮へい体の設計・製作を行いました。 本製品の大きな特徴は、遮へい体設置場所の放射線量が高く現場調査が出来ないため、FARO SCANで計測された3D点群データを元に、配管や構造物を避けた設計をおこないました。また、組立にあたって重機を扱えないため、全て手作業で運搬と組立...', 'その他');
INSERT OR IGNORE INTO post_translations (post_id, language_code, title, cardDescription, category) VALUES (1367, 'en', 'Portable shield', 'We designed and manufactured a portable shield for the Fukushima Daiichi Nuclear Power Plant. Portable shield was produced for the facility where t...', 'Others');

INSERT OR IGNORE INTO posts (id, type, thumbnail, date) VALUES (1391, 'cases', 'https://ysd-k.co.jp/yoshida-cms/wp-content/uploads/2021/10/PXL_20210820_07432349311-1.jpg', '2021/10/21');
INSERT OR IGNORE INTO post_translations (post_id, language_code, title, cardDescription, category) VALUES (1391, 'ja', '鉄セル・グローブボックス', '福島第一原発廃炉事業に向けて訓練用の鉄セル・グローブボックスを製作しました。 この製品は3つの特徴があります。 ①鉄セル・グローブボックス両方が実物と同じ負圧管理・気密管理になっています。 ②鉄セルの右側面は将来的に拡張が可能とし、新たな側面板に交換することで、様々な訓練を実施することが可能で...', 'グローブボックス,原子力製品,製缶・溶接');
INSERT OR IGNORE INTO post_translations (post_id, language_code, title, cardDescription, category) VALUES (1391, 'en', 'Steel Cell & Glovebox Training Equipment', 'Yoshida Inc. has manufactured Steel Cell Glovebox, designed for training, for the decommissioning of the TEPCO Fukushima Daiichi Nuclear Power Stat...', 'Glove Box,Nuclear Products,Welding & Fabrication');

INSERT OR IGNORE INTO posts (id, type, thumbnail, date) VALUES (1590, 'cases', 'https://ysd-k.co.jp/yoshida-cms/wp-content/uploads/2023/09/1c7cf7fcf83efd84b3d6156368bc6cac-1024x768-2-e1693981001789.jpg', '2023/6/6');
INSERT OR IGNORE INTO post_translations (post_id, language_code, title, cardDescription, category) VALUES (1590, 'ja', '廃炉向け鉛遮へい付グローブボックス', '廃炉向け鉛遮へい付グローブボックス、分析用グローブボックスの設計、製作、据付工事を行いました。 このグローブボックス特徴は、高線量サンプルを取扱う際は、鉛遮へいを閉じて、マニピュレーターによる操作を行います。 一方、低線量サンプルを扱う際は、鉛遮へいを開放し、グローブ操作が可能な構造となってい...', 'グローブボックス,原子力製品,機械加工,製缶・溶接,設計');
INSERT OR IGNORE INTO post_translations (post_id, language_code, title, cardDescription, category) VALUES (1590, 'en', 'Lead-Shielded Glovebox for Decommissioning', 'We designed, manufactured, and installed a lead-shielded glovebox and an analytical glovebox for decommissioning. A key feature of this glovebox is that ...', 'Glove Box,Nuclear Products,Machining,Welding & Fabrication,Design');

INSERT OR IGNORE INTO posts (id, type, thumbnail, date) VALUES (1592, 'cases', 'https://ysd-k.co.jp/yoshida-cms/wp-content/uploads/2023/09/PXL_20210112_003327376-1-e1693981529824.jpg', '2023/5/6');
INSERT OR IGNORE INTO post_translations (post_id, language_code, title, cardDescription, category) VALUES (1592, 'ja', '高放射線量率固体試料測定装置', '高放射線量の固体試料を測定するための気密・遮へい装置の設計、製作、据付工事を行いました。この装置は、固体試料を希釈することなく、半導体検出器により測定可能なシステムとなっています。その特徴として、内部にコリメーター及び遮へい体外部から操作可能なダブルドアシステムを設けることで、固体試料を密閉し...', 'グローブボックス,原子力製品,機械加工,製缶・溶接,設計');
INSERT OR IGNORE INTO post_translations (post_id, language_code, title, cardDescription, category) VALUES (1592, 'en', 'High-Dose-Rate Solid Sample Measurement Device', 'We designed, manufactured, and installed an airtight, shielded device for measuring highly radioactive solid samples. This system allows for measurement of...', 'Glove Box,Nuclear Products,Machining,Welding & Fabrication,Design');


-- End of Posts
