-- Generated by TypeScript Script for Equipments

-- Languages table pre-populated as per schema
INSERT OR IGNORE INTO languages (code, name, is_default) VALUES ('en', 'English', FALSE), ('ja', 'Japanese', TRUE);

-- Inserting a single Category for all Equipments
INSERT OR IGNORE INTO categories (id, type) VALUES (200, 'equipments');
INSERT OR IGNORE INTO category_translations (category_id, language_code, category_name) VALUES (200, 'ja', '設備');
INSERT OR IGNORE INTO category_translations (category_id, language_code, category_name) VALUES (200, 'en', 'Equipment');

-- End of Categories

-- Inserting Equipment Posts and Post Translations
INSERT OR IGNORE INTO posts (id, type, thumbnail, date) VALUES (149, 'equipments', 'https://ysd-k.co.jp/yoshida-cms/wp-content/uploads/2018/11/IMG_20190327_084135.jpg', '2018/11/3');
INSERT OR IGNORE INTO post_translations (post_id, language_code, title, cardDescription, category) VALUES (149, 'ja', '門型マシニングセンター MPE-2140(BO)：東芝', '門型部分にマシニングセンター（工具を自動交換し、テーブルに固定した対象物を切削、ねじ切り、穴あけ等の加工をする機械）の主軸が乗っているもの。 門型に対してテーブルが動き、かつテーブルを一方向に大きくとることができるので、大きめな製品を加工できる。 テーブル作業面の大きさ(mm)： 4,000×...', '設備');
INSERT OR IGNORE INTO post_translations (post_id, language_code, title, cardDescription, category) VALUES (149, 'en', 'Double Column type Machining Center MPE-2140 (BO) Toshiba', 'The machining center''s main-axis unit is mounted on the double colomn part. (The machine center is provided with an automatic tool exchanger to cut...', 'Equipment');

INSERT OR IGNORE INTO posts (id, type, thumbnail, date) VALUES (152, 'equipments', 'https://ysd-k.co.jp/yoshida-cms/wp-content/uploads/2018/11/MPF-3116ES.jpg', '2018/11/2');
INSERT OR IGNORE INTO post_translations (post_id, language_code, title, cardDescription, category) VALUES (152, 'ja', '門型マシニングセンター MPF-3116ES：東芝', '門型部分にマシニングセンター（工具を自動交換し、テーブルに固定した対象物を切削、ねじ切り、穴あけ等の加工をする機械）の主軸が乗っているもの。 テーブル作業面の大きさ(mm)： 1,600×2,800 加工範囲(mm)： X軸：1,900（テーブル前後） Y軸：3,100（主軸頭左右） Z軸：7...', '設備');
INSERT OR IGNORE INTO post_translations (post_id, language_code, title, cardDescription, category) VALUES (152, 'en', 'Double Column type Machining Center  MPF-3116ES Toshiba', 'The machining center''s main-axis unit is mounted on the double colomn part. (The machine center is provided with an automatic tool exchanger to cut...', 'Equipment');

INSERT OR IGNORE INTO posts (id, type, thumbnail, date) VALUES (155, 'equipments', 'https://ysd-k.co.jp/yoshida-cms/wp-content/uploads/2018/10/BTD-13FR22.jpg', '2018/10/31');
INSERT OR IGNORE INTO post_translations (post_id, language_code, title, cardDescription, category) VALUES (155, 'ja', '横中ぐりフライス盤 BTD-13FR22：東芝', 'ボール盤などであけた穴の内面をより精度よく所定の大きさ（中ぐり）に加工するフライス盤。ドリル加工やフライス加工もできる。 主軸が横向きについており、テーブルに固定した対象物をテーブルごと移動し、かつ主軸自体も移動しながら加工する。 切りくずが落ちるので工具を痛めにくい。 テーブル作業面の大きさ...', '設備');
INSERT OR IGNORE INTO post_translations (post_id, language_code, title, cardDescription, category) VALUES (155, 'en', 'Horizontal Boring & Milling Machine BTD-13FR22  Toshiba', 'Since the spindle is horizontally located, the object is fixed and moved along with the table, the spindle itself also processes while moving; drop...', 'Equipment');

INSERT OR IGNORE INTO posts (id, type, thumbnail, date) VALUES (157, 'equipments', 'https://ysd-k.co.jp/yoshida-cms/wp-content/uploads/2018/10/8201da8832eff585f32acd3630972210.jpg', '2018/10/26');
INSERT OR IGNORE INTO post_translations (post_id, language_code, title, cardDescription, category) VALUES (157, 'ja', '縦型マシニングセンター SV-503/50：森精機', '主軸が垂直方向についており、加工物を上から加工するマシニングセンター。 門型が大物を加工するのに適し、縦型は中～小物を加工するのに適している。 テーブルに固定した対象物をテーブルごと移動し加工する。 テーブル作業面の大きさ(mm)： 1,100×600 加工範囲(mm)： X軸：800（テーブ...', '設備');
INSERT OR IGNORE INTO post_translations (post_id, language_code, title, cardDescription, category) VALUES (157, 'en', 'Vertical machining center SV-503/50 Mori Seiki', 'Machining center that has the spindle in a vertical position and machined a workpiece from above. Think of a double column type machining center as...', 'Equipment');

INSERT OR IGNORE INTO posts (id, type, thumbnail, date) VALUES (159, 'equipments', 'https://ysd-k.co.jp/yoshida-cms/wp-content/uploads/2018/10/TUD-20.jpg', '2018/10/30');
INSERT OR IGNORE INTO post_translations (post_id, language_code, title, cardDescription, category) VALUES (159, 'ja', '縦型NC旋盤 TUD-20：東芝', '縦旋盤のNC機械。通常の横旋盤と同様に工作物を回転させ切削する。 横旋盤では固定しにくい長くて大きいものを加工する際に使用する。 一般的にターニングセンターと呼ばれる。 テーブル直径(mm)： メインテーブル：2,000 サブテーブル：2,500（社内製冶具） 加工範囲(mm)： X軸：2,4...', '設備');
INSERT OR IGNORE INTO post_translations (post_id, language_code, title, cardDescription, category) VALUES (159, 'en', 'Vertical NC lathe TUD-20 Toshiba', 'The lathe with a vertical movement of the NC machine. A workpiece is rotated and cut, similar to a general horizontal lathe. The vertical lathe is ...', 'Equipment');

INSERT OR IGNORE INTO posts (id, type, thumbnail, date) VALUES (175, 'equipments', 'https://ysd-k.co.jp/yoshida-cms/wp-content/uploads/2018/11/MPC-3680EII2.jpg', '2018/11/4');
INSERT OR IGNORE INTO post_translations (post_id, language_code, title, cardDescription, category) VALUES (175, 'ja', '門型マシニングセンター MPC-3680EII：東芝', '東芝機械（株）の大型門型マシニングセンターのフラグシップモデル。門型部分にマシニングセンター（工具を自動交換し、テーブルに固定した対象物を切削、ねじ切り、穴あけ等の加工をする機械）の主軸が乗っているもの。 門型に対してテーブルが動き、かつテーブルを一方向に大きくとることができるので、大きな製品...', '設備');
INSERT OR IGNORE INTO post_translations (post_id, language_code, title, cardDescription, category) VALUES (175, 'en', 'Double Column type Machining Center MPC-3680EII Toshiba', 'The large double column type machining center is the flagship model of Toshiba Machine Co., Ltd. The machining center''s main-axis unit is mounted o...', 'Equipment');

INSERT OR IGNORE INTO posts (id, type, thumbnail, date) VALUES (177, 'equipments', 'https://ysd-k.co.jp/yoshida-cms/wp-content/uploads/2018/11/BTD-130H.R22.jpg', '2018/11/1');
INSERT OR IGNORE INTO post_translations (post_id, language_code, title, cardDescription, category) VALUES (177, 'ja', '横中ぐりフライス盤 BTD-130H.R22：東芝', '既機種の最新型モデル。 ボール盤などであけた穴の内面をより精度よく所定の大きさ（中ぐり）に加工するフライス盤。ドリル加工やフライス加工もできる。 主軸が横向きについており、テーブルに固定した対象物をテーブルごと移動し、かつ主軸自体も移動しながら加工するため、切りくずが落ちるので工具を痛めにくい...', '設備');
INSERT OR IGNORE INTO post_translations (post_id, language_code, title, cardDescription, category) VALUES (177, 'en', 'Horizontal Boring & Milling Machine BTD-130H.R22 Toshiba', 'BTD-130H.R22 is the latest model of the series. The milling machine performs high precision processes of internal surface of a hole, drilled by dri...', 'Equipment');

INSERT OR IGNORE INTO posts (id, type, thumbnail, date) VALUES (180, 'equipments', 'https://ysd-k.co.jp/yoshida-cms/wp-content/uploads/2018/10/CRYSTA-ApexS163012.jpg', '2018/10/25');
INSERT OR IGNORE INTO post_translations (post_id, language_code, title, cardDescription, category) VALUES (180, 'ja', 'CNC三次元測定機 CRYSTA-ApexS163012：Mitutoyo', '大型の測定物を対象に開発された門移動構造のCNC三次元測定機。通常の機械加工精度以上の品質記録の要求が顧客からある場合に用いる。 測定範囲(mm)： X軸：1,600 Y軸：3,000 Z軸：1,200 測定テーブル(mm)： 4,205×1,800', '設備');
INSERT OR IGNORE INTO post_translations (post_id, language_code, title, cardDescription, category) VALUES (180, 'en', 'CNC CMM CRYSTA-Apex S163012 Mitutoyo', 'The CNC 3D measuring machine includes a gate-type structure developed for large-scale objects. It is desirable for our customer with a request of q...', 'Equipment');

INSERT OR IGNORE INTO posts (id, type, thumbnail, date) VALUES (201, 'equipments', 'https://ysd-k.co.jp/yoshida-cms/wp-content/uploads/2018/10/MV45.jpg', '2018/10/27');
INSERT OR IGNORE INTO post_translations (post_id, language_code, title, cardDescription, category) VALUES (201, 'ja', '縦型マシニングセンター MV45/B40：森精機', '主軸が垂直方向についており、加工物を上から加工するマシニングセンター。 門型が大物を加工するのであれば縦型は中～小物を加工するものとイメージすると良い。 テーブルに固定した対象物をテーブルごと移動し加工する。 テーブル作業面の大きさ(mm)： 1,200×460 加工範囲(mm)： X軸：82...', '設備');
INSERT OR IGNORE INTO post_translations (post_id, language_code, title, cardDescription, category) VALUES (201, 'en', 'Vertical Machining Center MV45/B40 Mori Seiki', 'Machining center that has the spindle in a vertical position and machined a workpiece from above. Think of a double column type machining center as...', 'Equipment');

INSERT OR IGNORE INTO posts (id, type, thumbnail, date) VALUES (202, 'equipments', 'https://ysd-k.co.jp/yoshida-cms/wp-content/uploads/2018/10/MV65.jpg', '2018/10/28');
INSERT OR IGNORE INTO post_translations (post_id, language_code, title, cardDescription, category) VALUES (202, 'ja', '縦型マシニングセンター MV65/50：森精機', '主軸が垂直方向についており、加工物を上から加工するマシニングセンター。 門型が大物を加工するのであれば縦型は中～小物を加工するものとイメージすると良い。 テーブルに固定した対象物をテーブルごと移動し加工する。 テーブル作業面の大きさ(mm)： 1,260×640 加工範囲(mm)： X軸：1,...', '設備');
INSERT OR IGNORE INTO post_translations (post_id, language_code, title, cardDescription, category) VALUES (202, 'en', 'Vertical Machining Center MV65/50 Mori Seiki', 'Machining center that has the spindle in a vertical position and machined a workpiece from above. Think of a double column type machining center as...', 'Equipment');

INSERT OR IGNORE INTO posts (id, type, thumbnail, date) VALUES (204, 'equipments', 'https://ysd-k.co.jp/yoshida-cms/wp-content/uploads/2018/10/HPFR-200VW.jpg', '2018/10/24');
INSERT OR IGNORE INTO post_translations (post_id, language_code, title, cardDescription, category) VALUES (204, 'ja', 'ラム移動式製缶プレス HPFR-200VW：大阪ジャッキ製作所', '厚鋼板の曲げ、成形、矯正等に適したラム移動式タイプの200t製缶プレス。 前後左右から鋼材を投入できる大きな間口を設けている。 ストローク(mm)： 500 ラム移動距離(mm)： ±700 スライド寸法(mm)： 1,000×500 テーブル寸法(mm)： 2,500×1,200 デーライト...', '設備');
INSERT OR IGNORE INTO post_translations (post_id, language_code, title, cardDescription, category) VALUES (204, 'en', 'Movable Ram type Press HPFR-200VW Osaka Jack Co., Ltd.', 'The 200-ton movable ram type press handles thick steel plates and suitable for bending, forming, straightening, etc,. It is also equipped with a la...', 'Equipment');

INSERT OR IGNORE INTO posts (id, type, thumbnail, date) VALUES (499, 'equipments', 'https://ysd-k.co.jp/yoshida-cms/wp-content/uploads/2019/01/78ac4e85acd93e5b448b67694895a27a-e1548416809622.jpg', '2019/1/25');
INSERT OR IGNORE INTO post_translations (post_id, language_code, title, cardDescription, category) VALUES (499, 'ja', 'ワイヤ放電加工機 MP2400：三菱電機', 'ワイヤ放電加工機とは、細い黄銅のワイヤを電極として使う放電加工機です。ワイヤを送り出しながらワーク（被工作物）との間で放電を行ない、プログラムに従ってxy軸方向に進みます。糸鋸で切るように、自在な形にワークをくり抜いて加工できます。   最大加工物寸法(mm)： 1050 x 820...', '設備');
INSERT OR IGNORE INTO post_translations (post_id, language_code, title, cardDescription, category) VALUES (499, 'en', 'Ultra-high accuracy wire-cut Electrical Discharge Machines MP2400  Mitsubishi Electric', 'Wire-cut electrical discharge machine uses a thin brass wire as an electrode. It discharges between electrode and workpiece while sending out the w...', 'Equipment');```

-- End of Equipment Posts
